-- ════════════════════════════════════════════════════════════
--  FieldOps v2 — Auth-Enabled Schema
--  Run this entire file in Supabase → SQL Editor → New Query
--  Safe to run on an existing database — uses IF NOT EXISTS
-- ════════════════════════════════════════════════════════════


-- ── 1. PROFILES (extends Supabase Auth users) ──────────────
create table if not exists profiles (
  id          uuid references auth.users on delete cascade primary key,
  name        text,
  email       text,
  phone       text,
  address     text,
  shirt_size  text,
  role        text default 'ambassador',  -- 'ambassador' or 'manager'
  created_at  timestamptz default now()
);

alter table profiles enable row level security;

drop policy if exists "profiles_select"        on profiles;
drop policy if exists "profiles_insert"        on profiles;
drop policy if exists "profiles_update_own"    on profiles;
drop policy if exists "profiles_update_manager"on profiles;

create policy "profiles_select"
  on profiles for select to authenticated using (true);

create policy "profiles_insert"
  on profiles for insert to authenticated
  with check (auth.uid() = id);

create policy "profiles_update_own"
  on profiles for update to authenticated
  using (auth.uid() = id);

create policy "profiles_update_manager"
  on profiles for update to authenticated
  using ((select role from profiles where id = auth.uid()) = 'manager');


-- ── 2. AUTO-CREATE PROFILE ON SIGNUP ──────────────────────
create or replace function handle_new_user()
returns trigger language plpgsql security definer set search_path = public as $$
begin
  insert into profiles (id, email, name, role)
  values (
    new.id,
    new.email,
    coalesce(new.raw_user_meta_data->>'name', ''),
    coalesce(new.raw_user_meta_data->>'role', 'ambassador')
  )
  on conflict (id) do nothing;
  return new;
end;
$$;

drop trigger if exists on_auth_user_created on auth.users;
create trigger on_auth_user_created
  after insert on auth.users
  for each row execute procedure handle_new_user();


-- ── 3. ROLE HELPER FUNCTION ────────────────────────────────
create or replace function get_my_role()
returns text language sql security definer stable as $$
  select coalesce(
    (select role from profiles where id = auth.uid()),
    'ambassador'
  );
$$;


-- ── 4. EVENTS ──────────────────────────────────────────────
create table if not exists events (
  id           bigint generated by default as identity primary key,
  name         text        not null,
  store        text,
  retailer     text,
  date         date,
  time         text,
  status       text        default 'upcoming',
  ambassador   text,
  product      text,
  budget       numeric     default 0,
  notes        text,
  units_sold   integer,
  samples      integer,
  sales_lift   numeric,
  created_at   timestamptz default now()
);

-- New columns for auth integration
alter table events add column if not exists ambassador_id uuid references profiles(id);
alter table events add column if not exists accepted      boolean default false;

alter table events enable row level security;

drop policy if exists "Public access"       on events;
drop policy if exists "events_manager"      on events;
drop policy if exists "events_amb_select"   on events;
drop policy if exists "events_amb_insert"   on events;
drop policy if exists "events_amb_update"   on events;

-- Managers: full access
create policy "events_manager"
  on events for all to authenticated
  using    (get_my_role() = 'manager')
  with check (get_my_role() = 'manager');

-- Ambassadors: read only their own events
create policy "events_amb_select"
  on events for select to authenticated
  using (
    get_my_role() = 'ambassador'
    and (
      ambassador_id = auth.uid()
      or ambassador = (select name from profiles where id = auth.uid())
    )
  );

-- Ambassadors: submit new event requests (status must be pending_approval)
create policy "events_amb_insert"
  on events for insert to authenticated
  with check (
    get_my_role() = 'ambassador'
    and status = 'pending_approval'
  );

-- Ambassadors: can accept (update accepted field) on their own events
create policy "events_amb_update"
  on events for update to authenticated
  using (
    get_my_role() = 'ambassador'
    and (
      ambassador_id = auth.uid()
      or ambassador = (select name from profiles where id = auth.uid())
    )
  );


-- ── 5. AMBASSADORS (roster / stats table) ─────────────────
create table if not exists ambassadors (
  id            bigint generated by default as identity primary key,
  name          text    not null,
  email         text,
  phone         text,
  status        text    default 'active',
  events_month  integer default 0,
  total_events  integer default 0,
  rating        numeric default 5.0,
  specialty     text,
  rate          numeric default 0,
  city          text,
  created_at    timestamptz default now()
);

alter table ambassadors enable row level security;

drop policy if exists "Public access"   on ambassadors;
drop policy if exists "amb_manager"     on ambassadors;
drop policy if exists "amb_select_all"  on ambassadors;

create policy "amb_manager"
  on ambassadors for all to authenticated
  using    (get_my_role() = 'manager')
  with check (get_my_role() = 'manager');

create policy "amb_select_all"
  on ambassadors for select to authenticated using (true);


-- ── 6. REPORTS ─────────────────────────────────────────────
create table if not exists reports (
  id          bigint generated by default as identity primary key,
  event_name  text,
  ambassador  text,
  date        date,
  status      text    default 'pending',
  units_sold  integer default 0,
  samples     integer default 0,
  feedback    text,
  photos      integer default 0,
  sales_lift  numeric default 0,
  created_at  timestamptz default now()
);

alter table reports enable row level security;

drop policy if exists "Public access"      on reports;
drop policy if exists "rep_manager"        on reports;
drop policy if exists "rep_amb_select"     on reports;
drop policy if exists "rep_amb_insert"     on reports;
drop policy if exists "rep_amb_update"     on reports;

create policy "rep_manager"
  on reports for all to authenticated
  using    (get_my_role() = 'manager')
  with check (get_my_role() = 'manager');

create policy "rep_amb_select"
  on reports for select to authenticated
  using (
    get_my_role() = 'ambassador'
    and ambassador = (select name from profiles where id = auth.uid())
  );

create policy "rep_amb_insert"
  on reports for insert to authenticated
  with check (
    get_my_role() = 'ambassador'
    and ambassador = (select name from profiles where id = auth.uid())
  );

create policy "rep_amb_update"
  on reports for update to authenticated
  using (
    get_my_role() = 'ambassador'
    and ambassador = (select name from profiles where id = auth.uid())
    and status = 'pending'
  );


-- ── 7. PAYMENTS ────────────────────────────────────────────
create table if not exists payments (
  id          bigint generated by default as identity primary key,
  ambassador  text,
  event_name  text,
  date        date,
  hours       numeric default 0,
  rate        numeric default 0,
  expenses    numeric default 0,
  total       numeric default 0,
  status      text    default 'pending',
  created_at  timestamptz default now()
);

alter table payments enable row level security;

drop policy if exists "Public access"   on payments;
drop policy if exists "pay_manager"     on payments;
drop policy if exists "pay_amb_select"  on payments;

create policy "pay_manager"
  on payments for all to authenticated
  using    (get_my_role() = 'manager')
  with check (get_my_role() = 'manager');

create policy "pay_amb_select"
  on payments for select to authenticated
  using (
    get_my_role() = 'ambassador'
    and ambassador = (select name from profiles where id = auth.uid())
  );


-- ── 8. STORES ──────────────────────────────────────────────
create table if not exists stores (
  id           bigint generated by default as identity primary key,
  name         text    not null,
  retailer     text,
  address      text,
  manager      text,
  phone        text,
  priority     text    default 'medium',
  last_demo    text,
  total_demos  integer default 0,
  created_at   timestamptz default now()
);

alter table stores enable row level security;

drop policy if exists "Public access"   on stores;
drop policy if exists "stores_manager"  on stores;
drop policy if exists "stores_select"   on stores;

create policy "stores_manager"
  on stores for all to authenticated
  using    (get_my_role() = 'manager')
  with check (get_my_role() = 'manager');

create policy "stores_select"
  on stores for select to authenticated using (true);


-- ── 9. SURVEYS ─────────────────────────────────────────────
create table if not exists surveys (
  id            bigint generated by default as identity primary key,
  event_name    text,
  responses     integer default 0,
  rating        numeric default 0,
  top_feedback  text,
  date          date,
  created_at    timestamptz default now()
);

alter table surveys enable row level security;

drop policy if exists "Public access"    on surveys;
drop policy if exists "surveys_manager"  on surveys;
drop policy if exists "surveys_select"   on surveys;

create policy "surveys_manager"
  on surveys for all to authenticated
  using    (get_my_role() = 'manager')
  with check (get_my_role() = 'manager');

create policy "surveys_select"
  on surveys for select to authenticated using (true);


-- ════════════════════════════════════════════════════════════
--  OPTIONAL SEED DATA  (delete this block for a blank start)
-- ════════════════════════════════════════════════════════════

insert into ambassadors (name, email, phone, status, events_month, total_events, rating, specialty, rate, city) values
  ('Sofia Chen',      'sofia.chen@email.com',  '(480) 555-0142', 'active',    4, 47, 4.9, 'Whole Foods',    22, 'Phoenix'),
  ('Marcus Williams', 'marcus.w@email.com',    '(480) 555-0187', 'active',    3, 31, 4.7, 'Sprouts',        20, 'Tempe'),
  ('Priya Patel',     'p.patel@email.com',     '(602) 555-0231', 'active',    2, 58, 4.8, 'Multi-retailer', 22, 'Scottsdale'),
  ('Tyler Brooks',    'tyler.b@email.com',     '(602) 555-0299', 'available', 1, 22, 4.5, 'Natural Grocers',19, 'Mesa'),
  ('Emma Davis',      'emma.d@email.com',      '(480) 555-0364', 'active',    5, 89, 5.0, 'Sprouts',        24, 'Chandler')
on conflict do nothing;

insert into stores (name, retailer, address, manager, phone, priority, last_demo, total_demos) values
  ('Whole Foods Downtown Phoenix', 'Whole Foods',     '300 E Camelback Rd, Phoenix',     'Sarah Johnson', '(602) 555-1001', 'high',   '2026-05-10', 12),
  ('Sprouts Tempe',                'Sprouts',         '1739 E Southern Ave, Tempe',      'Maria Gonzalez','(480) 555-1234', 'high',   '2026-04-28', 11),
  ('Whole Foods Scottsdale',       'Whole Foods',     '7133 E Stetson Dr, Scottsdale',   'James Park',    '(480) 555-1187', 'high',   '2026-04-12',  8),
  ('Sprouts Westside',             'Sprouts',         '4545 W Bell Rd, Phoenix',         'David Chen',    '(602) 555-1045', 'high',   '2026-05-08',  9),
  ('Kroger Midtown',               'Kroger',          '2020 N 7th St, Phoenix',          'Robert Davis',  '(602) 555-1301', 'medium', '2026-05-03',  5),
  ('Natural Grocers Scottsdale',   'Natural Grocers', '7720 E McDowell Rd, Scottsdale',  'Lisa Reeves',   '(480) 555-1122', 'medium', '2026-05-04',  6),
  ('Fresh Thyme Mesa',             'Fresh Thyme',     '6555 E Southern Ave, Mesa',       'Kevin Brown',   '(480) 555-1445', 'low',    '2026-04-20',  3)
on conflict do nothing;

insert into events (name, store, retailer, date, time, status, ambassador, product, budget, units_sold, samples, sales_lift) values
  ('Sprouts Tempe Saturday',     'Sprouts Tempe',              'Sprouts',        '2026-04-28','12:00 – 4:00 PM',    'completed','Emma Davis',    'Nut Butter Cups',   110,62,145,31),
  ('Kroger Midtown Friday Demo', 'Kroger Midtown',             'Kroger',         '2026-05-03','1:00 – 5:00 PM',     'completed','Priya Patel',   'Oat Protein Bar',   140,48,120,23),
  ('Natural Grocers Weekend',    'Natural Grocers Scottsdale', 'Natural Grocers','2026-05-04','10:00 AM – 2:00 PM', 'completed','Tyler Brooks',  'Green Smoothie Mix',130,35,95,18),
  ('Whole Foods Downtown Demo',  'Whole Foods Downtown Phoenix','Whole Foods',   '2026-05-10','12:00 – 4:00 PM',    'upcoming', 'Sofia Chen',    'Oat Protein Bar',   150,null,null,null),
  ('Sprouts Westside Sampling',  'Sprouts Westside',           'Sprouts',        '2026-05-14','11:00 AM – 3:00 PM', 'upcoming', 'Marcus Williams','Green Smoothie Mix',120,null,null,null)
on conflict do nothing;

insert into reports (event_name, ambassador, date, status, units_sold, samples, feedback, photos, sales_lift) values
  ('Sprouts Tempe Saturday',     'Emma Davis',  '2026-04-28','approved',62,145,'Best event yet! Customers loved the new flavor.',5,31),
  ('Kroger Midtown Friday Demo', 'Priya Patel', '2026-05-03','approved',48,120,'Great engagement. Many asked where to find it online.',3,23),
  ('Natural Grocers Weekend',    'Tyler Brooks','2026-05-04','pending', 35, 95,'Slow morning but picked up after noon.',2,18)
on conflict do nothing;

insert into payments (ambassador, event_name, date, hours, rate, expenses, total, status) values
  ('Emma Davis',  'Sprouts Tempe Saturday',      '2026-04-28',4,24,18,114,'paid'),
  ('Priya Patel', 'Kroger Midtown Friday Demo',  '2026-05-03',4,22,15,103,'approved'),
  ('Tyler Brooks','Natural Grocers Weekend',     '2026-05-04',4,19,12, 88,'pending')
on conflict do nothing;

insert into surveys (event_name, responses, rating, top_feedback, date) values
  ('Sprouts Tempe Saturday',    32,4.6,'Great taste, would buy again',   '2026-04-28'),
  ('Kroger Midtown Friday Demo',24,4.3,'Love the clean ingredients list','2026-05-03')
on conflict do nothing;